Make_ID,Make_Name,Model_ID,Model_Name,MSRP,2020,2019,2018,2017,2016,2015,2014,2013,2012,2011,2010,2009,2008,Displacement,Cylinder,Vehicle Class,EPA Air Pollution Score
475,Acura,5354,TLX,38719.333333333300,26799.5,30921.5,30344.0,21031.153846153800,18514.0,18422.25,nan,nan,nan,nan,nan,nan,nan,2.4,4,small car,3
475,Acura,2149,RLX,62995.0,nan,nan,33086.42857142860,23564.0,23100.0,20308.0,20446.666666666700,nan,nan,nan,nan,nan,nan,3.5,6,midsize car,7
475,Acura,2150,ILX,29215.95238095240,nan,22383.333333333300,19085.0,17201.714285714300,16563.333333333300,10995.0,14700.0,11533.25,nan,nan,nan,nan,nan,2.4,4,small car,3
475,Acura,1872,RL,,,,,,,,,,,,,,,,,,
475,Acura,1873,TL,,,,,,,,,,,,,,,,,,
475,Acura,1874,TSX,,,,,,,,,,,,,,,,,,
475,Acura,3183,RSX,,,,,,,,,,,,,,,,,,
475,Acura,5063,Integra,,,,,,,,,,,,,,,,,,
475,Acura,5145,CL,,,,,,,,,,,,,,,,,,
475,Acura,5168,NSX,,,,,,,,,,,,,,,,,,
475,Acura,5339,Legend,,,,,,,,,,,,,,,,,,
475,Acura,11495,Vigor,,,,,,,,,,,,,,,,,,
582,Audi,3146,A4,47778.21428571430,nan,nan,16600.0,15995.0,12812.0,9480.0,8995.0,7995.0,4975.0,6491.0,5997.0,5995.0,nan,,,,
582,Audi,3147,S4,59558.333333333300,nan,25694.4,10495.0,nan,nan,nan,9491.0,nan,nan,nan,nan,nan,nan,,,,
582,Audi,3148,A6,63780.5,nan,23163.090909090900,nan,21495.0,17605.8,12999.0,11899.0,13995.0,7995.0,7295.0,5995.0,nan,nan,2,4,midsize car,5
582,Audi,3151,A8,101321.0,nan,nan,nan,32747.0,25456.25,24495.0,23983.0,20495.0,16991.0,14241.0,10991.0,nan,4991.0,,,,
582,Audi,3676,A3,42992.0,nan,29960.0,23720.0,19992.333333333300,18657.4,15953.333333333300,nan,15100.0,nan,nan,nan,nan,nan,2,4,small car,7
582,Audi,3677,S6,87290.0,nan,nan,nan,45787.0,37229.0,35090.0,31900.0,24597.666666666700,nan,nan,21450.0,nan,nan,,,,
582,Audi,3678,S8,138345.0,nan,nan,nan,nan,nan,nan,nan,39500,nan,nan,nan,nan,22991,,,,
582,Audi,3679,Q7,67574.47368421050,nan,52109.5,40414.8,37314.22222222220,nan,24096.0,19302.0,13495.0,14068.75,16441.666666666700,nan,6975.0,nan,,,,
582,Audi,3787,A5,53011.666666666700,nan,39368.75,35850.0,24330.0,24248.75,21931.666666666700,16492.571428571400,15620.75,12800.0,10685.0,13188.5,nan,nan,,,,
582,Audi,3788,S5,63096.25,nan,nan,44745.142857142900,36840.0,34997.5,25931.666666666700,26711.25,22922.5,21000.0,17746.5,nan,nan,nan,,,,
582,Audi,3789,R8,217545.0,nan,nan,162998,143998,nan,nan,93888,nan,nan,80444,nan,nan,nan,5.2,10,small car,1
582,Audi,3861,TTS,62690.0,nan,nan,nan,36061.5,30720.0,27100.0,27500.0,nan,nan,nan,23000.0,nan,nan,2,4,small car,3
582,Audi,4015,A7,83655.71428571430,nan,nan,48247.5,38065.0,31866.75,33500.0,27350.0,22123.25,19828.333333333300,nan,nan,nan,nan,,,,
582,Audi,8258,S7,107590.0,nan,nan,49995.0,50406.666666666700,42786.2,40720.0,nan,nan,nan,nan,nan,nan,nan,,,,
582,Audi,3145,TT,,,,,,,,,,,,,,,,,,
582,Audi,3149,RS6,,,,,,,,,,,,,,,,,,
582,Audi,3150,allroad,,,,,,,,,,,,,,,,,,
582,Audi,3675,RS4,,,,,,,,,,,,,,,,,,
582,Audi,4014,RS5,,,,,,,,,,,,,,,,,,
582,Audi,4016,TT RS,,,,,,,,,,,,,,,,,,
582,Audi,8056,90,,,,,,,,,,,,,,,,,,
582,Audi,8057,100,,,,,,,,,,,,,,,,,,
582,Audi,8058,V8,,,,,,,,,,,,,,,,,,
582,Audi,8059,Cabriolet,,,,,,,,,,,,,,,,,,
582,Audi,8173,S3,,,,,,,,,,,,,,,,,,
582,Audi,8685,RS7,,,,,,,,,,,,,,,,,,
582,Audi,13785,A3 Sportback e-tron,,,,,,,,,,,,,,,,,,
582,Audi,14336,5000,,,,,,,,,,,,,,,,,,
582,Audi,14337,4000,,,,,,,,,,,,,,,,,,
582,Audi,14342,80,,,,,,,,,,,,,,,,,,
582,Audi,14343,200,,,,,,,,,,,,,,,,,,
582,Audi,14348,Coupe,,,,,,,,,,,,,,,,,,
582,Audi,16783,RS3,,,,,,,,,,,,,,,,,,
582,Audi,27028,A6 allroad,,,,,,,,,,,,,,,,,,
452,BMW,1719,X3,55783.5,41973.0,41303.0,nan,25811.08695652170,25028.0,nan,nan,nan,nan,nan,6995.0,nan,nan,3,6,small SUV,3
452,BMW,1725,Z4,60374.807692307700,44196.0,31560.0,nan,nan,29794.0,23133.333333333300,19300.0,23000.0,17344.0,18600.0,nan,22991.0,nan,2,4,small car,7
452,BMW,1717,X5,70291.66666666670,nan,nan,nan,27786.5,21749.666666666700,20963.0,16212.8,14747.0,15995.0,9495.0,8332.0,9972.5,7995.0,4.4,8,standard SUV,3
452,BMW,1720,740i,94438.18181818180,nan,44806.666666666700,38994.0,37895.333333333300,35599.5,nan,23495.0,nan,nan,nan,nan,nan,nan,3,6,large car,3
452,BMW,2024,M5,122642.85714285700,nan,93953.0,79770.0,nan,48396.666666666700,nan,39700.0,nan,nan,nan,23943.5,nan,nan,4.4,8,midsize car,3
452,BMW,2300,X1,43978.166666666700,nan,38278.0,nan,24501.35714285710,22559.866666666700,nan,12950.0,nan,nan,nan,nan,nan,nan,2,4,large car,7
452,BMW,9567,M2,64097.5,nan,54490.0,44113.333333333300,40825.333333333300,nan,nan,nan,nan,nan,nan,nan,nan,nan,3,6,small car,3
452,BMW,9570,M4,97289.44444444440,nan,nan,51866.5,51115.666666666700,44460.833333333300,40078.4,nan,nan,nan,nan,nan,nan,nan,3,6,small car,3
452,BMW,1707,128i,,,,,,,,,,,,,,,,,,
452,BMW,1708,135i,,,,,,,,,,,,,,,,,,
452,BMW,1709,328i,,,,,,,,,,,,,,,,,,
452,BMW,1710,M3,,,,,,,,,,,,,,,,,,
452,BMW,1711,335i,,,,,,,,,,,,,,,,,,
452,BMW,1712,335is,,,,,,,,,,,,,,,,,,
452,BMW,1713,335d,,,,,,,,,,,,,,,,,,
452,BMW,1715,528i,,,,,,,,,,,,,,,,,,
452,BMW,1716,535i,,,,,,,,,,,,,,,,,,
452,BMW,1718,550i,,,,,,,,,,,,,,,,,,
452,BMW,1721,740Li,,,,,,,,,,,,,,,,,,
452,BMW,1722,750i,,,,,,,,,,,,,,,,,,
452,BMW,1723,750Li,,,,,,,,,,,,,,,,,,
452,BMW,1724,760Li,,,,,,,,,,,,,,,,,,
452,BMW,1727,750xi,,,,,,,,,,,,,,,,,,
452,BMW,1728,750Lxi,,,,,,,,,,,,,,,,,,
452,BMW,1729,M6,,,,,,,,,,,,,,,,,,
452,BMW,1730,528xi,,,,,,,,,,,,,,,,,,
452,BMW,1731,640i,,,,,,,,,,,,,,,,,,
452,BMW,1732,650i,,,,,,,,,,,,,,,,,,
452,BMW,1733,650xi,,,,,,,,,,,,,,,,,,
452,BMW,1970,1M,,,,,,,,,,,,,,,,,,
452,BMW,1971,Active E,,,,,,,,,,,,,,,,,,
452,BMW,2170,228i,,,,,,,,,,,,,,,,,,
452,BMW,2171,M235i,,,,,,,,,,,,,,,,,,
452,BMW,2172,320i,,,,,,,,,,,,,,,,,,
452,BMW,2173,328d,,,,,,,,,,,,,,,,,,
452,BMW,2178,i3,,,,,,,,,,,,,,,,,,
452,BMW,2179,i8,,,,,,,,,,,,,,,,,,
452,BMW,2219,ActiveHybrid 3,,,,,,,,,,,,,,,,,,
452,BMW,2220,428i,,,,,,,,,,,,,,,,,,
452,BMW,2230,435i,,,,,,,,,,,,,,,,,,
452,BMW,2231,535d,,,,,,,,,,,,,,,,,,
452,BMW,2240,ActiveHybrid 5,,,,,,,,,,,,,,,,,,
452,BMW,2376,535xi,,,,,,,,,,,,,,,,,,
452,BMW,2377,328xi,,,,,,,,,,,,,,,,,,
452,BMW,2378,335xi,,,,,,,,,,,,,,,,,,
452,BMW,2584,525i,,,,,,,,,,,,,,,,,,
452,BMW,2585,530i,,,,,,,,,,,,,,,,,,
452,BMW,2586,530xi,,,,,,,,,,,,,,,,,,
452,BMW,2587,525xi,,,,,,,,,,,,,,,,,,
452,BMW,2759,325Cic,,,,,,,,,,,,,,,,,,
452,BMW,2760,330Cic,,,,,,,,,,,,,,,,,,
452,BMW,2761,M3Cic,,,,,,,,,,,,,,,,,,
452,BMW,2762,325Ci,,,,,,,,,,,,,,,,,,
452,BMW,2763,330Ci,,,,,,,,,,,,,,,,,,
452,BMW,2764,325i,,,,,,,,,,,,,,,,,,
452,BMW,2765,325xi,,,,,,,,,,,,,,,,,,
452,BMW,2766,325xiT,,,,,,,,,,,,,,,,,,
452,BMW,2767,530xiT,,,,,,,,,,,,,,,,,,
452,BMW,2777,330i,,,,,,,,,,,,,,,,,,
452,BMW,2778,330xi,,,,,,,,,,,,,,,,,,
452,BMW,2804,760i,,,,,,,,,,,,,,,,,,
452,BMW,3050,325iT,,,,,,,,,,,,,,,,,,
452,BMW,3051,545i,,,,,,,,,,,,,,,,,,
452,BMW,3052,645Ci,,,,,,,,,,,,,,,,,,
452,BMW,3053,645Cic,,,,,,,,,,,,,,,,,,
452,BMW,3054,745i,,,,,,,,,,,,,,,,,,
452,BMW,3055,745Li,,,,,,,,,,,,,,,,,,
452,BMW,5178,318i,,,,,,,,,,,,,,,,,,
452,BMW,5185,318iS,,,,,,,,,,,,,,,,,,
452,BMW,5186,318iC,,,,,,,,,,,,,,,,,,
452,BMW,5187,325iS,,,,,,,,,,,,,,,,,,
452,BMW,5190,325iC,,,,,,,,,,,,,,,,,,
452,BMW,5193,525iT,,,,,,,,,,,,,,,,,,
452,BMW,5194,530iT,,,,,,,,,,,,,,,,,,
452,BMW,5195,540i,,,,,,,,,,,,,,,,,,
452,BMW,5198,840Ci,,,,,,,,,,,,,,,,,,
452,BMW,5199,850Ci,,,,,,,,,,,,,,,,,,
452,BMW,5200,850CSi,,,,,,,,,,,,,,,,,,
452,BMW,5217,318ti,,,,,,,,,,,,,,,,,,
452,BMW,5237,328iC,,,,,,,,,,,,,,,,,,
452,BMW,5238,328iS,,,,,,,,,,,,,,,,,,
452,BMW,5239,Z3,,,,,,,,,,,,,,,,,,
452,BMW,5253,323i,,,,,,,,,,,,,,,,,,
452,BMW,5254,323is,,,,,,,,,,,,,,,,,,
452,BMW,5255,323iC,,,,,,,,,,,,,,,,,,
452,BMW,5324,Z8,,,,,,,,,,,,,,,,,,
452,BMW,5343,525iA,,,,,,,,,,,,,,,,,,
452,BMW,5347,530iA,,,,,,,,,,,,,,,,,,
452,BMW,5348,540iA,,,,,,,,,,,,,,,,,,
452,BMW,5349,525iAT,,,,,,,,,,,,,,,,,,
452,BMW,5350,540iAT,,,,,,,,,,,,,,,,,,
452,BMW,5355,Alpina,,,,,,,,,,,,,,,,,,
452,BMW,5384,645i,,,,,,,,,,,,,,,,,,
452,BMW,9253,335,,,,,,,,,,,,,,,,,,
452,BMW,9452,740iL,,,,,,,,,,,,,,,,,,
452,BMW,9453,750iL,,,,,,,,,,,,,,,,,,
452,BMW,9459,M3Ci,,,,,,,,,,,,,,,,,,
452,BMW,9568,340i,,,,,,,,,,,,,,,,,,
452,BMW,9569,330e,,,,,,,,,,,,,,,,,,
452,BMW,10587,328Ci,,,,,,,,,,,,,,,,,,
452,BMW,13425,735i,,,,,,,,,,,,,,,,,,
452,BMW,13426,735iL,,,,,,,,,,,,,,,,,,
452,BMW,13427,850i,,,,,,,,,,,,,,,,,,
452,BMW,13429,325ix,,,,,,,,,,,,,,,,,,
452,BMW,13431,325/325e,,,,,,,,,,,,,,,,,,
452,BMW,13437,635CSi,,,,,,,,,,,,,,,,,,
452,BMW,13438,535i/535is,,,,,,,,,,,,,,,,,,
452,BMW,13439,L7,,,,,,,,,,,,,,,,,,
452,BMW,13442,524td,,,,,,,,,,,,,,,,,,
452,BMW,13448,528e,,,,,,,,,,,,,,,,,,
452,BMW,13449,325e,,,,,,,,,,,,,,,,,,
452,BMW,13459,325i/325is,,,,,,,,,,,,,,,,,,
452,BMW,13825,230i,,,,,,,,,,,,,,,,,,
452,BMW,13826,M240i,,,,,,,,,,,,,,,,,,
452,BMW,13827,430i,,,,,,,,,,,,,,,,,,
452,BMW,13828,440i,,,,,,,,,,,,,,,,,,
452,BMW,13834,B7,,,,,,,,,,,,,,,,,,
452,BMW,13835,740e,,,,,,,,,,,,,,,,,,
452,BMW,13868,750i / ALPINA B7,,,,,,,,,,,,,,,,,,
452,BMW,14503,533i,,,,,,,,,,,,,,,,,,
452,BMW,14504,633 csi,,,,,,,,,,,,,,,,,,
452,BMW,14505,733i,,,,,,,,,,,,,,,,,,
452,BMW,19172,730i,,,,,,,,,,,,,,,,,,
452,BMW,20811,540d,,,,,,,,,,,,,,,,,,
452,BMW,20813,530e,,,,,,,,,,,,,,,,,,
452,BMW,20814,M550i,,,,,,,,,,,,,,,,,,
452,BMW,20815,M760i,,,,,,,,,,,,,,,,,,
452,BMW,21787,650i / ALPINA B6,,,,,,,,,,,,,,,,,,
452,BMW,21788,750Li / ALPINA B7,,,,,,,,,,,,,,,,,,
452,BMW,21790,750Lxi / ALPINA B7,,,,,,,,,,,,,,,,,,
452,BMW,21791,750xi / ALPINA B7,,,,,,,,,,,,,,,,,,
452,BMW,21792,750i / B7,,,,,,,,,,,,,,,,,,
452,BMW,21793,650i / B6,,,,,,,,,,,,,,,,,,
452,BMW,24944,640xi,,,,,,,,,,,,,,,,,,
452,BMW,26481,M340i,,,,,,,,,,,,,,,,,,
452,BMW,26482,745e,,,,,,,,,,,,,,,,,,
452,BMW,26483,840i,,,,,,,,,,,,,,,,,,
452,BMW,26484,M850i,,,,,,,,,,,,,,,,,,
468,Buick,1821,LaCrosse,40341.25,nan,20098.5,22639.0,19341.333333333300,16659.5,14879.4,15650.0,9995.0,8457.0,nan,3990.0,nan,nan,,,,
468,Buick,1822,Regal,,,,,,,,,,,,,,,,,,
468,Buick,1823,Verano,,,,,,,,,,,,,,,,,,
468,Buick,4267,Lucerne,,,,,,,,,,,,,,,,,,
468,Buick,4287,Allure,,,,,,,,,,,,,,,,,,
468,Buick,8841,Park Avenue,,,,,,,,,,,,,,,,,,
468,Buick,8842,LeSabre,,,,,,,,,,,,,,,,,,
468,Buick,8843,Century,,,,,,,,,,,,,,,,,,
468,Buick,9069,Riviera,,,,,,,,,,,,,,,,,,
468,Buick,9090,Skylark,,,,,,,,,,,,,,,,,,
468,Buick,9119,Coachbuilder,,,,,,,,,,,,,,,,,,
468,Buick,9120,Roadmaster,,,,,,,,,,,,,,,,,,
468,Buick,10290,Cascada,,,,,,,,,,,,,,,,,,
468,Buick,14362,Reatta,,,,,,,,,,,,,,,,,,
468,Buick,14422,Electra,,,,,,,,,,,,,,,,,,
468,Buick,14466,Skyhawk,,,,,,,,,,,,,,,,,,
468,Buick,14486,Somerset,,,,,,,,,,,,,,,,,,
468,Buick,17844,Regal TourX,,,,,,,,,,,,,,,,,,
469,Cadillac,1824,ATS,44080.0,nan,nan,24260.0,20995.285714285700,18869.444444444400,20128.833333333300,16437.4,12999.0,nan,nan,nan,nan,nan,,,,
469,Cadillac,1825,CTS,56481.666666666700,nan,25038.14285714290,nan,24422.0,18749.0,19457.6,16400.0,12597.666666666700,7495.0,nan,5995.0,6745.0,3995.0,,,,
469,Cadillac,1827,XTS,51823.055555555600,nan,27370.0,23487.0,21231.166666666700,20403.166666666700,18278.0,17888.333333333300,16501.875,nan,nan,nan,nan,nan,,,,
469,Cadillac,10297,CT6,72358.47826086960,nan,54134.333333333300,46623.0,31320.8125,33712.333333333300,nan,nan,nan,nan,nan,nan,nan,nan,3.6,6,large car,5
469,Cadillac,1826,ELR,,,,,,,,,,,,,,,,,,
469,Cadillac,4300,STS,,,,,,,,,,,,,,,,,,
469,Cadillac,4308,DTS,,,,,,,,,,,,,,,,,,
469,Cadillac,4311,XLR,,,,,,,,,,,,,,,,,,
469,Cadillac,4592,Limousine,,,,,,,,,,,,,,,,,,
469,Cadillac,4593,Hearse ,,,,,,,,,,,,,,,,,,
469,Cadillac,8844,Deville,,,,,,,,,,,,,,,,,,
469,Cadillac,8989,Eldorado,,,,,,,,,,,,,,,,,,
469,Cadillac,9023,Catera,,,,,,,,,,,,,,,,,,
469,Cadillac,9091,Seville,,,,,,,,,,,,,,,,,,
469,Cadillac,9121,Commercial Chassis,,,,,,,,,,,,,,,,,,
469,Cadillac,9122,Fleetwood,,,,,,,,,,,,,,,,,,
469,Cadillac,14182,60 Special,,,,,,,,,,,,,,,,,,
469,Cadillac,14183,Allante,,,,,,,,,,,,,,,,,,
469,Cadillac,14185,Brougham,,,,,,,,,,,,,,,,,,
469,Cadillac,14487,Cimarron,,,,,,,,,,,,,,,,,,
469,Cadillac,26602,CT4,,,,,,,,,,,,,,,,,,
467,Chevrolet,1829,Camaro,46619.833333333300,nan,21173.333333333300,26360.0,22684.85714285710,27300.0,24027.0,23598.0,23366.666666666700,18498.0,nan,19888.0,nan,nan,2,4,small car,5
467,Chevrolet,1831,Corvette,71356.5,nan,55700.0,44000.333333333300,49424.0,39100.0,39795.6,32050.0,36997.5,37500.0,44350.0,nan,16941.5,nan,,,,
467,Chevrolet,1832,Cruze,24466.25,nan,13997.0,14647.0,13312.142857142900,12263.0,8240.0,7723.0,nan,6495.0,4995.0,nan,nan,nan,,,,
467,Chevrolet,1833,Impala,35842.833333333300,nan,17332.166666666700,15522.5,17094.666666666700,13917.8,11698.0,5995.0,nan,nan,nan,6995.0,nan,nan,3.6,6,large car,5
467,Chevrolet,1834,Malibu,26682.333333333300,nan,17243.0,15393.6,14678.2,13856.666666666700,nan,11500.0,nan,5741.5,6347.5,4400.0,5996.5,4995.0,1.5,4,midsize car,6
467,Chevrolet,1835,Sonic,21082.931034482800,nan,10595.0,13750.0,12959.57142857140,10616.25,10345.8,7488.5,7570.0,6799.5,nan,nan,nan,nan,1.4,4,small car,5
467,Chevrolet,1836,Spark,16546.0,nan,13343.0,13450.0,11080.0,11860.0,9779.666666666670,8484.0,5570.0,nan,nan,nan,nan,nan,1.4,4,small car,5
467,Chevrolet,1851,Suburban,67793.33333333330,nan,45268.142857142900,38625.0,34200.0,34218.71428571430,29100.5,nan,19245.0,15982.5,nan,nan,9500.0,nan,5.3,8,standard SUV,3
467,Chevrolet,10988,Trax,25531.333333333300,nan,18367.0,15538.75,14859.0,14313.333333333300,10943.5,nan,nan,nan,nan,nan,nan,nan,1.4,4,small SUV,5
467,Chevrolet,11502,Blazer,43136.833333333300,nan,36180,nan,nan,nan,nan,nan,nan,nan,nan,nan,nan,nan,2.5,4,small SUV,5
467,Chevrolet,1828,Aveo,,,,,,,,,,,,,,,,,,
467,Chevrolet,1830,Caprice Police Vehicle,,,,,,,,,,,,,,,,,,
467,Chevrolet,1837,SS,,,,,,,,,,,,,,,,,,
467,Chevrolet,1838,Volt,,,,,,,,,,,,,,,,,,
467,Chevrolet,1854,Tracker,,,,,,,,,,,,,,,,,,
467,Chevrolet,3531,Geo Prizm,,,,,,,,,,,,,,,,,,
467,Chevrolet,4047,Matiz,,,,,,,,,,,,,,,,,,
467,Chevrolet,4234,Cobalt,,,,,,,,,,,,,,,,,,
467,Chevrolet,4251,Optra,,,,,,,,,,,,,,,,,,
467,Chevrolet,4255,Kalos,,,,,,,,,,,,,,,,,,
467,Chevrolet,4773,Monte Carlo,,,,,,,,,,,,,,,,,,
467,Chevrolet,4992,Epica,,,,,,,,,,,,,,,,,,
467,Chevrolet,8834,Cavalier,,,,,,,,,,,,,,,,,,
467,Chevrolet,8835,U100,,,,,,,,,,,,,,,,,,
467,Chevrolet,8882,Astro Van,,,,,,,,,,,,,,,,,,
467,Chevrolet,9064,Lumina,,,,,,,,,,,,,,,,,,
467,Chevrolet,9088,Alero,,,,,,,,,,,,,,,,,,
467,Chevrolet,9115,Caprice,,,,,,,,,,,,,,,,,,
467,Chevrolet,9116,Corsica,,,,,,,,,,,,,,,,,,
467,Chevrolet,9117,Beretta,,,,,,,,,,,,,,,,,,
467,Chevrolet,9139,Hearse/Limo,,,,,,,,,,,,,,,,,,
467,Chevrolet,10043,Metro,,,,,,,,,,,,,,,,,,
467,Chevrolet,10979,Military Truck,,,,,,,,,,,,,,,,,,
467,Chevrolet,11483,S-10 Pickup,,,,,,,,,,,,,,,,,,
467,Chevrolet,11489,C/K Pickup,,,,,,,,,,,,,,,,,,
467,Chevrolet,11491,P - Series,,,,,,,,,,,,,,,,,,
467,Chevrolet,13634,Impala Limited,,,,,,,,,,,,,,,,,,
467,Chevrolet,13672,Bolt EV,,,,,,,,,,,,,,,,,,
467,Chevrolet,14166,Hearse/Limo Commercial Chassis,,,,,,,,,,,,,,,,,,
467,Chevrolet,14460,Celebrity,,,,,,,,,,,,,,,,,,
467,Chevrolet,14461,Geo Spectrum,,,,,,,,,,,,,,,,,,
467,Chevrolet,14462,G-Series,,,,,,,,,,,,,,,,,,
467,Chevrolet,14475,Chevette,,,,,,,,,,,,,,,,,,
467,Chevrolet,14513,Geo Sprint,,,,,,,,,,,,,,,,,,
467,Chevrolet,14515,Nova,,,,,,,,,,,,,,,,,,
467,Chevrolet,14547,Citation,,,,,,,,,,,,,,,,,,
467,Chevrolet,17528,Malibu Classic,,,,,,,,,,,,,,,,,,
476,Dodge,1893,Challenger,47767.1,nan,27731.083333333300,19236.666666666700,24901.0,28457.714285714300,25088.0,12975.0,17500.0,nan,nan,nan,22995.0,nan,,,,
476,Dodge,1895,Charger,43351.692307692300,nan,19335.444444444400,19500.0,16612.2,18540.25,14800.0,11120.0,11300.0,8495.0,nan,nan,nan,nan,,,,
476,Dodge,1892,Avenger,,,,,,,,,,,,,,,,,,
476,Dodge,1896,Caliber,,,,,,,,,,,,,,,,,,
476,Dodge,1897,Viper,,,,,,,,,,,,,,,,,,
476,Dodge,1938,Ram,,,,,,,,,,,,,,,,,,
476,Dodge,2054,Dart,,,,,,,,,,,,,,,,,,
476,Dodge,5878,Intrepid,,,,,,,,,,,,,,,,,,
476,Dodge,5879,Stratus,,,,,,,,,,,,,,,,,,
476,Dodge,5880,Neon,,,,,,,,,,,,,,,,,,
476,Dodge,6250,Colt,,,,,,,,,,,,,,,,,,
476,Dodge,6254,Stealth,,,,,,,,,,,,,,,,,,
476,Dodge,14351,Spirit,,,,,,,,,,,,,,,,,,
476,Dodge,14363,SHADOW,,,,,,,,,,,,,,,,,,
476,Dodge,14375,Dynasty,,,,,,,,,,,,,,,,,,
476,Dodge,14376,Daytona,,,,,,,,,,,,,,,,,,
476,Dodge,14389,Monaco,,,,,,,,,,,,,,,,,,
476,Dodge,14402,OMNI,,,,,,,,,,,,,,,,,,
476,Dodge,14414,SHELBY,,,,,,,,,,,,,,,,,,
476,Dodge,14415,ARIES,,,,,,,,,,,,,,,,,,
476,Dodge,14416,600,,,,,,,,,,,,,,,,,,
476,Dodge,14417,DIPLOMAT,,,,,,,,,,,,,,,,,,
476,Dodge,14418,LANCER,,,,,,,,,,,,,,,,,,
476,Dodge,14419,Conquest,,,,,,,,,,,,,,,,,,
476,Dodge,14766,400,,,,,,,,,,,,,,,,,,
476,Dodge,14767,Mirada,,,,,,,,,,,,,,,,,,
476,Dodge,14772,ST.REGIS,,,,,,,,,,,,,,,,,,
492,Fiat,2055,500,23585.6,nan,nan,14700.0,12111.0,12017.8,11698.375,11150.0,10131.666666666700,8190.666666666670,nan,nan,nan,nan,1.4,4,station wagon,3
492,Fiat,11448,124 Spider,,,,,,,,,,,,,,,,,,
492,Fiat,14603,Spider 2000,,,,,,,,,,,,,,,,,,
492,Fiat,14604,X 1/9,,,,,,,,,,,,,,,,,,
492,Fiat,14605,Brava,,,,,,,,,,,,,,,,,,
492,Fiat,14606,Strada,,,,,,,,,,,,,,,,,,
460,Ford,1780,Fusion,27387.666666666700,nan,16199.625,15381.181818181800,13750.833333333300,11746.333333333300,14480.0,nan,nan,7475.0,nan,nan,nan,nan,1.5,4,midsize car,7
460,Ford,1781,Mustang,47458.5,nan,20613.75,22583.5,18197.4,23486.85714285710,21200.0,16777.0,4995.0,nan,nan,nan,nan,13995.0,2.3,4,small car,5
460,Ford,1782,Taurus,44810.0,nan,19400.0,16296.333333333300,15391.75,15650.0,13870.0,nan,9536.0,9590.0,nan,nan,nan,nan,,,,
460,Ford,3267,Fiesta,19889.444444444400,nan,12247.0,11494.461538461500,11321.5,10564.5,5991.0,7520.666666666670,5997.5,nan,5977.0,nan,nan,nan,,,,
460,Ford,1778,Crown Victoria,,,,,,,,,,,,,,,,,,
460,Ford,1779,Focus,,,,,,,,,,,,,,,,,,
460,Ford,2345,Thunderbird,,,,,,,,,,,,,,,,,,
460,Ford,2346,GT,,,,,,,,,,,,,,,,,,
460,Ford,2347,Five Hundred,,,,,,,,,,,,,,,,,,
460,Ford,3462,C-max,,,,,,,,,,,,,,,,,,
460,Ford,5181,Escort,,,,,,,,,,,,,,,,,,
460,Ford,5182,ZX2,,,,,,,,,,,,,,,,,,
460,Ford,6703,Aspire,,,,,,,,,,,,,,,,,,
460,Ford,6730,Probe,,,,,,,,,,,,,,,,,,
460,Ford,6731,Contour,,,,,,,,,,,,,,,,,,
460,Ford,10378,Festiva,,,,,,,,,,,,,,,,,,
460,Ford,13958,Tempo,,,,,,,,,,,,,,,,,,
460,Ford,14196,Laser,,,,,,,,,,,,,,,,,,
460,Ford,14199,LTD,,,,,,,,,,,,,,,,,,
460,Ford,14614,Fairmont,,,,,,,,,,,,,,,,,,
460,Ford,14618,Granada,,,,,,,,,,,,,,,,,,
460,Ford,14930,'34,,,,,,,,,,,,,,,,,,
5083,Genesis,12579,G80,53998.666666666700,nan,44618.5,28020.0,27613.176470588200,nan,nan,nan,nan,nan,nan,nan,nan,nan,3.3,6,large car,3
5083,Genesis,12580,G90,76778.33333333330,nan,nan,nan,37038.71428571430,nan,nan,nan,nan,nan,nan,nan,nan,nan,3.3,6,large car,3
5083,Genesis,23521,G70,47786.5,nan,39459,nan,nan,nan,nan,nan,nan,nan,nan,nan,nan,nan,2,4,small car,3
472,GMC,9044,Electric Vehicle,,,,,,,,,,,,,,,,,,
472,GMC,11490,C/K Pickup,,,,,,,,,,,,,,,,,,
472,GMC,14469,P Truck Forward,,,,,,,,,,,,,,,,,,
472,GMC,14470,Motorhome Chassis,,,,,,,,,,,,,,,,,,
472,GMC,14481,Rally,,,,,,,,,,,,,,,,,,
472,GMC,14554,S15 Pickup,,,,,,,,,,,,,,,,,,
474,Honda,1861,Accord,28159.5,nan,nan,25400.0,17383.222222222200,16821.333333333300,11995.0,7941.0,8995.0,10481.0,nan,8337.0,8500.0,6078.333333333330,1.5,4,large car,7
474,Honda,1863,Civic,23822.5,nan,16810.5,14610.42857142860,14737.5,12580.09090909090,12549.5,8998.0,nan,nan,nan,nan,nan,nan,1.5,4,small car,7
474,Honda,1869,Odyssey,37720.833333333300,nan,nan,nan,20497.23076923080,19395.166666666700,15000.0,12990.0,12995.0,8641.5,nan,8245.0,2488.0,nan,3.5,6,minivan,5
474,Honda,1870,Insight,25248.8,nan,21326.6,nan,nan,nan,nan,nan,6932.0,nan,nan,9600.0,nan,nan,1.5,4,midsize car,7
474,Honda,2127,Fit,17976.5,nan,17550.0,17988.0,13338.25,12763.2,11618.0,nan,10098.333333333300,7372.5,nan,2988.0,nan,4628.0,,,,
474,Honda,1875,FCX Clarity,,,,,,,,,,,,,,,,,,
474,Honda,2128,CR-Z,,,,,,,,,,,,,,,,,,
474,Honda,3153,S2000,,,,,,,,,,,,,,,,,,
474,Honda,5107,Prelude,,,,,,,,,,,,,,,,,,
474,Honda,9577,del Sol,,,,,,,,,,,,,,,,,,
474,Honda,11517,EV Plus,,,,,,,,,,,,,,,,,,
474,Honda,14249,CLARITY,,,,,,,,,,,,,,,,,,
474,Honda,18584,Civic Si / Civic Si HPT,,,,,,,,,,,,,,,,,,
474,Honda,26026,CLARITY ELECTRIC,,,,,,,,,,,,,,,,,,
498,Hyundai,2735,Elantra,22028.0,14995.0,13133.8,12355.7,12265.272727272700,10730.75,nan,nan,nan,nan,nan,nan,nan,nan,1.4,4,midsize car,3
498,Hyundai,2298,Veloster,24123.5,22991.0,19821.8,nan,12798.0,12773.153846153800,10521.0,13100.0,8570.75,5995.0,nan,nan,nan,nan,1.6,4,small car,5
498,Hyundai,2058,Tucson,28457.433333333300,nan,17995.0,17163.846153846200,17582.125,14769.666666666700,10985.0,11510.0,nan,9100.0,nan,nan,nan,8755.0,,,,
498,Hyundai,2459,Sonata,29915.833333333300,nan,17488.0,16790.5,14104.714285714300,13166.666666666700,12657.4,8750.0,9408.714285714290,7490.666666666670,5895.0,6995.0,nan,nan,,,,
498,Hyundai,2773,Accent,17560.5,nan,11986.0,12497.0,9726.947368421050,8993.0,8878.0,6300.0,5497.0,nan,nan,nan,nan,nan,1.6,4,small car,3
498,Hyundai,21961,Ioniq,29570.166666666700,nan,24298.333333333300,22483.75,17973.333333333300,nan,nan,nan,nan,nan,nan,nan,nan,nan,N/A,N/A,midsize car,10
498,Hyundai,2056,Equus,,,,,,,,,,,,,,,,,,
498,Hyundai,2057,Santa Fe,,,,,,,,,,,,,,,,,,
498,Hyundai,2458,Genesis Coupe,,,,,,,,,,,,,,,,,,
498,Hyundai,2736,Entourage,,,,,,,,,,,,,,,,,,
498,Hyundai,2771,Azera,,,,,,,,,,,,,,,,,,
498,Hyundai,2772,Veracruz,,,,,,,,,,,,,,,,,,
498,Hyundai,2774,Genesis,,,,,,,,,,,,,,,,,,
498,Hyundai,5847,Tiburon,,,,,,,,,,,,,,,,,,
498,Hyundai,5871,Elantra Touring,,,,,,,,,,,,,,,,,,
498,Hyundai,5872,XG 350,,,,,,,,,,,,,,,,,,
498,Hyundai,9242,Excel,,,,,,,,,,,,,,,,,,
498,Hyundai,9252,Scoupe,,,,,,,,,,,,,,,,,,
498,Hyundai,9319,XG300,,,,,,,,,,,,,,,,,,
498,Hyundai,11447,Elantra GT,,,,,,,,,,,,,,,,,,
498,Hyundai,14192,Pony,,,,,,,,,,,,,,,,,,
498,Hyundai,14193,Stellar,,,,,,,,,,,,,,,,,,
480,Infiniti,1899,QX50,47360.833333333300,nan,29740.8,nan,21218.9,19106.928571428600,16700.0,13997.0,nan,nan,nan,nan,nan,nan,2,4,small SUV,5
480,Infiniti,1901,Q50,48665.666666666700,nan,31633.5,23488.0,21970.428571428600,20711.36842105260,11997.0,13995.0,nan,nan,nan,nan,nan,nan,3,6,midsize car,3
480,Infiniti,1902,Q60,57955.9375,nan,39425.666666666700,34060.71428571430,29611.777777777800,nan,21484.0,19633.333333333300,nan,nan,nan,nan,nan,nan,3,6,small car,3
480,Infiniti,1903,Q70,53985.0,nan,30781.333333333300,23040.0,32786.0,22411.4,25349.5,17890.0,nan,nan,nan,nan,nan,nan,,,,
480,Infiniti,13820,QX30,41687.5,nan,26826.5,23731.166666666700,21976.333333333300,nan,nan,nan,nan,nan,nan,nan,nan,nan,,,,
480,Infiniti,1900,Q40,,,,,,,,,,,,,,,,,,
480,Infiniti,2038,Q70L,,,,,,,,,,,,,,,,,,
480,Infiniti,2304,Q45,,,,,,,,,,,,,,,,,,
480,Infiniti,2305,G35,,,,,,,,,,,,,,,,,,
480,Infiniti,2306,M35,,,,,,,,,,,,,,,,,,
480,Infiniti,2307,M45,,,,,,,,,,,,,,,,,,
480,Infiniti,2337,G37,,,,,,,,,,,,,,,,,,
480,Infiniti,2338,EX35,,,,,,,,,,,,,,,,,,
480,Infiniti,2356,M56,,,,,,,,,,,,,,,,,,
480,Infiniti,2357,M37,,,,,,,,,,,,,,,,,,
480,Infiniti,2358,G25,,,,,,,,,,,,,,,,,,
480,Infiniti,2368,M35h,,,,,,,,,,,,,,,,,,
480,Infiniti,5572,J30,,,,,,,,,,,,,,,,,,
480,Infiniti,5573,G20,,,,,,,,,,,,,,,,,,
480,Infiniti,5813,I35,,,,,,,,,,,,,,,,,,
480,Infiniti,8702,I30,,,,,,,,,,,,,,,,,,
480,Infiniti,11510,M30,,,,,,,,,,,,,,,,,,
442,Jaguar,2242,XJ,90508.0,nan,nan,41298.5,38098.125,29999.0,30050.0,21700.0,nan,3995.0,nan,nan,nan,nan,,,,
442,Jaguar,2285,XF,64167.041666666700,nan,nan,41910.333333333300,28099.6,26766.5,18250.0,18494.5,nan,20000.0,nan,9495.0,nan,nan,2,4,midsize car,7
442,Jaguar,2375,F-Type,98227.38888888890,nan,102900.0,59700.0,43189.857142857100,43620.0,nan,35100.0,nan,nan,nan,nan,nan,nan,2,4,small car,7
442,Jaguar,11440,XE,51150.083333333300,nan,35900.0,31605.9375,25188.35714285710,nan,nan,nan,nan,nan,nan,nan,nan,nan,2,4,small car,7
442,Jaguar,2286,XK,,,,,,,,,,,,,,,,,,
442,Jaguar,2313,X-Type,,,,,,,,,,,,,,,,,,
442,Jaguar,2314,S-Type,,,,,,,,,,,,,,,,,,
442,Jaguar,6437,Vanden Plas,,,,,,,,,,,,,,,,,,
442,Jaguar,9339,XK8,,,,,,,,,,,,,,,,,,
442,Jaguar,9340,XJR,,,,,,,,,,,,,,,,,,
442,Jaguar,13576,Super V8,,,,,,,,,,,,,,,,,,
442,Jaguar,13578,XJ8,,,,,,,,,,,,,,,,,,
442,Jaguar,14145,XJ6,,,,,,,,,,,,,,,,,,
442,Jaguar,14615,XJS,,,,,,,,,,,,,,,,,,
442,Jaguar,25776,XJ12,,,,,,,,,,,,,,,,,,
442,Jaguar,26175,XKR,,,,,,,,,,,,,,,,,,
499,Kia,2299,Rio,18324.821428571400,nan,13345.5,11858.285714285700,11330.0,9175.0,nan,9897.666666666670,10762.5,nan,nan,nan,4375.0,nan,1.6,4,small car,3
499,Kia,2462,Forte,20866.0,nan,14264.0,11412.933333333300,11586.8,10979.333333333300,8588.0,nan,nan,nan,nan,nan,nan,nan,1.6,4,midsize car,5
499,Kia,2739,Optima,26416.833333333300,nan,14853.5,14115.666666666700,15793.75,14626.833333333300,11356.888888888900,16900.0,8445.333333333330,8995.0,nan,nan,nan,nan,1.6,4,large car,5
499,Kia,2740,Sedona,34077.0,nan,25874.5,22944.5,18566.5,19182.090909090900,19439.5,10995.0,nan,7299.0,nan,nan,nan,nan,3.3,6,minivan,5
499,Kia,2769,Sorento,33646.5,nan,18765.666666666700,nan,16885.333333333300,17127.428571428600,14871.75,13100.0,9116.666666666670,8631.333333333330,9175.333333333330,nan,nan,nan,2.4,4,small SUV,5
499,Kia,2770,Sportage,30686.833333333300,nan,17903.375,16808.85714285710,15988.785714285700,nan,nan,nan,nan,7806.0,nan,nan,6995.0,nan,2,4,small SUV,5
499,Kia,3071,Cadenza,39580.0,nan,nan,22200.0,22788.75,17708.545454545500,16417.0,15400.0,nan,nan,nan,nan,nan,nan,,,,
499,Kia,21370,Stinger,48311.666666666700,nan,45922.5,33658.6,nan,nan,nan,nan,nan,nan,nan,nan,nan,nan,2,4,midsize car,3
499,Kia,2461,Borrego,,,,,,,,,,,,,,,,,,
499,Kia,2738,Rondo,,,,,,,,,,,,,,,,,,
499,Kia,3184,K900,,,,,,,,,,,,,,,,,,
499,Kia,5498,Sephia,,,,,,,,,,,,,,,,,,
499,Kia,5499,Spectra,,,,,,,,,,,,,,,,,,
499,Kia,5500,Amanti,,,,,,,,,,,,,,,,,,
499,Kia,5759,Spectra LD,,,,,,,,,,,,,,,,,,
499,Kia,9243,Sephia II/Spectra,,,,,,,,,,,,,,,,,,
499,Kia,12815,Forte Koup,,,,,,,,,,,,,,,,,,
499,Kia,21371,Optima Hybrid/Plug-in Hybrid,,,,,,,,,,,,,,,,,,
515,Lexus,2180,GS,58875.69565217390,nan,33684.71428571430,nan,24700.0,20285.625,19920.75,13995.0,8971.0,nan,nan,7200.0,nan,nan,3.5,6,midsize car,5
515,Lexus,2182,LS,94842.0,nan,nan,62166.75,37988.0,nan,33996.333333333300,31924.0,27206.5,21950.0,nan,19194.0,nan,11493.0,3.4,6,midsize car,3
515,Lexus,2184,IS,47041.1,nan,30680.0,26995.0,24016.555555555600,23754.846153846200,22498.0,19234.5,14997.0,nan,nan,nan,nan,nan,2,4,small car,5
515,Lexus,2212,LX,97931.57894736840,nan,nan,nan,64830.333333333300,50992.5,49298.5,38999.0,29998.0,nan,nan,nan,nan,28990.0,5.7,8,standard SUV,3
515,Lexus,2475,ES,48437.26666666670,nan,nan,24206.4,18111.666666666700,16170.75,nan,10495.0,7995.0,nan,nan,5995.0,nan,7996.0,2.5,4,midsize car,7
515,Lexus,3406,RC,51771.4,nan,48010.0,40595.666666666700,33074.0,28700.2,27345.0,nan,nan,nan,nan,nan,nan,nan,5,8,small car,5
515,Lexus,24984,UX,39545.0,nan,33920,nan,nan,nan,nan,nan,nan,nan,nan,nan,nan,nan,,,,
515,Lexus,2183,SC,,,,,,,,,,,,,,,,,,
515,Lexus,3154,CT,,,,,,,,,,,,,,,,,,
515,Lexus,3185,HS,,,,,,,,,,,,,,,,,,
515,Lexus,3652,LFA,,,,,,,,,,,,,,,,,,
515,Lexus,14273,LC500 / LC 500h,,,,,,,,,,,,,,,,,,
515,Lexus,21951,RC F,,,,,,,,,,,,,,,,,,
515,Lexus,26492,LS/LS HYBRID,,,,,,,,,,,,,,,,,,
464,Lincoln,1790,MKZ,46162.333333333300,nan,nan,27473.5,22989.29411764710,19597.333333333300,17990.0,16100.0,12713.75,nan,8495.0,nan,3995.0,nan,2,4,midsize car,5
464,Lincoln,5192,Continental,60892.0,nan,37264.2,31538.333333333300,4998.0,nan,nan,nan,nan,nan,nan,nan,nan,nan,,,,
464,Lincoln,1791,Town Car,,,,,,,,,,,,,,,,,,
464,Lincoln,1794,MKS,,,,,,,,,,,,,,,,,,
464,Lincoln,2367,LS,,,,,,,,,,,,,,,,,,
464,Lincoln,2776,Zephyr,,,,,,,,,,,,,,,,,,
464,Lincoln,6794,Mark,,,,,,,,,,,,,,,,,,
443,Maserati,1699,Quattroporte,125412.5,nan,nan,nan,29245,29600,nan,30500,16995,14500,nan,nan,nan,nan,3.8,8,large car,1
443,Maserati,1700,Granturismo,160635.0,nan,nan,nan,nan,nan,nan,51654.666666666700,43300.0,nan,42300.0,nan,nan,31900.0,,,,
443,Maserati,11445,Ghibli,92001.66666666670,nan,66698.0,46392.333333333300,38286.666666666700,37200.0,30745.0,26995.0,nan,nan,nan,nan,nan,nan,3,6,midsize car,1
443,Maserati,11446,Levante,93496.92307692310,nan,73545,49875,55199,nan,nan,nan,nan,nan,nan,nan,nan,nan,3,6,standard SUV,1
443,Maserati,9746,Coupe,,,,,,,,,,,,,,,,,,
443,Maserati,9747,Spyder,,,,,,,,,,,,,,,,,,
443,Maserati,14622,Merak,,,,,,,,,,,,,,,,,,
443,Maserati,14623,Biturbo,,,,,,,,,,,,,,,,,,
443,Maserati,23167,TC,,,,,,,,,,,,,,,,,,
443,Maserati,23168,430,,,,,,,,,,,,,,,,,,
443,Maserati,23169,228,,,,,,,,,,,,,,,,,,
473,Mazda,2074,Mazda3,27079.533333333300,nan,20740.0,17339.666666666700,15974.857142857100,13086.777777777800,13200.0,10941.5,9498.0,6900.0,5200.0,9995.0,nan,nan,,,,
473,Mazda,2078,Mazda6,29374.133333333300,nan,nan,22380.0,15873.6,15563.555555555600,15000.0,13800.0,nan,7150.0,5830.0,nan,nan,nan,,,,
473,Mazda,10202,CX-3,25459.666666666700,nan,19161.85714285710,17538.25,17209.0,16276.0,nan,nan,nan,nan,nan,nan,nan,nan,,,,
473,Mazda,2072,MX-5,,,,,,,,,,,,,,,,,,
473,Mazda,2073,RX-8,,,,,,,,,,,,,,,,,,
473,Mazda,2075,Mazda5,,,,,,,,,,,,,,,,,,
473,Mazda,2153,Mazda2,,,,,,,,,,,,,,,,,,
473,Mazda,2322,MPV,,,,,,,,,,,,,,,,,,
473,Mazda,5410,Protege,,,,,,,,,,,,,,,,,,
473,Mazda,5470,Millenia,,,,,,,,,,,,,,,,,,
473,Mazda,5471,626,,,,,,,,,,,,,,,,,,
473,Mazda,5494,323,,,,,,,,,,,,,,,,,,
473,Mazda,5495,MX-3,,,,,,,,,,,,,,,,,,
473,Mazda,5496,929,,,,,,,,,,,,,,,,,,
473,Mazda,5497,RX-7,,,,,,,,,,,,,,,,,,
473,Mazda,7791,MX-6,,,,,,,,,,,,,,,,,,
473,Mazda,13839,GLC,,,,,,,,,,,,,,,,,,
449,Mercedes-Benz,24879,A-Class,41089.666666666700,40125.0,37717.2,nan,nan,nan,nan,nan,nan,nan,nan,nan,nan,nan,,,,
449,Mercedes-Benz,2081,E-Class,81371.16666666670,53998.0,51664.666666666700,41498.0,29471.235294117600,24638.4,nan,20493.0,nan,14246.5,nan,nan,nan,nan,,,,
449,Mercedes-Benz,2131,G-Class,168101.66666666700,151965.33333333300,95994.0,nan,89888.0,76529.0,56900.0,nan,52498.0,nan,nan,nan,44995.0,nan,,,,
449,Mercedes-Benz,2085,C-Class,59051.0,nan,nan,nan,22000.0,19658.75,18781.666666666700,14703.0,10222.0,10495.0,8495.0,nan,nan,nan,,,,
449,Mercedes-Benz,2086,S-Class,129265.5,nan,67566.8,nan,47930.625,41730.28571428570,30000.0,23932.0,18997.0,nan,15942.0,17745.0,nan,5495.0,,,,
449,Mercedes-Benz,14014,300,61627.0,nan,38264.0,nan,27735.333333333300,22298.0,nan,nan,nan,nan,nan,nan,nan,nan,,,,
449,Mercedes-Benz,2079,SL-Class,,,,,,,,,,,,,,,,,,
449,Mercedes-Benz,2080,SLK-Class,,,,,,,,,,,,,,,,,,
449,Mercedes-Benz,2082,CLS-Class,,,,,,,,,,,,,,,,,,
449,Mercedes-Benz,2083,CLA-Class,,,,,,,,,,,,,,,,,,
449,Mercedes-Benz,2084,GLA-Class,,,,,,,,,,,,,,,,,,
449,Mercedes-Benz,2087,SLS-Class,,,,,,,,,,,,,,,,,,
449,Mercedes-Benz,2113,B-Class,,,,,,,,,,,,,,,,,,
449,Mercedes-Benz,2678,CL-Class,,,,,,,,,,,,,,,,,,
449,Mercedes-Benz,2822,CLK-Class,,,,,,,,,,,,,,,,,,
449,Mercedes-Benz,2936,SLR McLaren,,,,,,,,,,,,,,,,,,
449,Mercedes-Benz,5881,AMG GT,,,,,,,,,,,,,,,,,,
449,Mercedes-Benz,11452,SLC-Class,,,,,,,,,,,,,,,,,,
449,Mercedes-Benz,14013,190,,,,,,,,,,,,,,,,,,
449,Mercedes-Benz,14015,500,,,,,,,,,,,,,,,,,,
449,Mercedes-Benz,14773,280,,,,,,,,,,,,,,,,,,
449,Mercedes-Benz,14774,240,,,,,,,,,,,,,,,,,,
449,Mercedes-Benz,14775,380,,,,,,,,,,,,,,,,,,
449,Mercedes-Benz,17597,400,,,,,,,,,,,,,,,,,,
449,Mercedes-Benz,17598,600,,,,,,,,,,,,,,,,,,
449,Mercedes-Benz,17599,350,,,,,,,,,,,,,,,,,,
449,Mercedes-Benz,17600,420,,,,,,,,,,,,,,,,,,
449,Mercedes-Benz,17601,560,,,,,,,,,,,,,,,,,,
449,Mercedes-Benz,17602,260,,,,,,,,,,,,,,,,,,
449,Mercedes-Benz,26499,EQC-Class,,,,,,,,,,,,,,,,,,
5848,MGS Grand Sport (Mardikian),15271,Miami ,,,,,,,,,,,,,,,,,,
481,Mitsubishi,2163,Outlander,30227.333333333300,nan,19486.555555555600,19422.454545454500,14157.333333333300,15248.833333333300,nan,9495.0,nan,7681.0,nan,nan,nan,nan,2.4,4,small SUV,5
481,Mitsubishi,2342,Mirage,17608.0,nan,11596.8,11794.0,9000.454545454550,nan,6985.0,7498.0,nan,nan,nan,nan,nan,nan,,,,
481,Mitsubishi,2164,Lancer,,,,,,,,,,,,,,,,,,
481,Mitsubishi,2165,Galant,,,,,,,,,,,,,,,,,,
481,Mitsubishi,2166,Eclipse,,,,,,,,,,,,,,,,,,
481,Mitsubishi,2167,Endeavor,,,,,,,,,,,,,,,,,,
481,Mitsubishi,2318,Montero,,,,,,,,,,,,,,,,,,
481,Mitsubishi,2321,Eclipse Spyder,,,,,,,,,,,,,,,,,,
481,Mitsubishi,2336,RVR,,,,,,,,,,,,,,,,,,
481,Mitsubishi,2339,i-MiEV,,,,,,,,,,,,,,,,,,
481,Mitsubishi,2340,Outlander - PHEV,,,,,,,,,,,,,,,,,,
481,Mitsubishi,5422,Expo,,,,,,,,,,,,,,,,,,
481,Mitsubishi,5423,3000 GT,,,,,,,,,,,,,,,,,,
481,Mitsubishi,5424,3000 GT Spyder,,,,,,,,,,,,,,,,,,
481,Mitsubishi,5425,Diamante,,,,,,,,,,,,,,,,,,
481,Mitsubishi,5426,Truck,,,,,,,,,,,,,,,,,,
481,Mitsubishi,5755,Montero Sport,,,,,,,,,,,,,,,,,,
481,Mitsubishi,5808,Lancer SportBack,,,,,,,,,,,,,,,,,,
481,Mitsubishi,5809,Lancer Evolution,,,,,,,,,,,,,,,,,,
481,Mitsubishi,13842,Mirage G4,,,,,,,,,,,,,,,,,,
481,Mitsubishi,13867,Outlander Sport,,,,,,,,,,,,,,,,,,
481,Mitsubishi,14367,Expo LRV,,,,,,,,,,,,,,,,,,
481,Mitsubishi,14423,Precis ,,,,,,,,,,,,,,,,,,
481,Mitsubishi,14445,Sigma ,,,,,,,,,,,,,,,,,,
481,Mitsubishi,14446,Starion ,,,,,,,,,,,,,,,,,,
481,Mitsubishi,14454,Tredia,,,,,,,,,,,,,,,,,,
481,Mitsubishi,14455,Cordia,,,,,,,,,,,,,,,,,,
478,Nissan,2302,Maxima,37974.0,35997.0,23009.5,22184.0,20064.466666666700,16911.0,nan,11616.666666666700,8350.0,13522.5,10499.0,nan,nan,nan,3.5,6,midsize car,3
478,Nissan,1890,GT-R,162560.0,nan,nan,nan,nan,nan,nan,nan,nan,nan,nan,55995,nan,nan,3.8,6,small car,3
478,Nissan,1894,Versa,18758.5,nan,11795.0,10739.52380952380,9300.5,nan,6993.5,nan,nan,nan,6481.0,nan,nan,nan,1.6,4,small car,7
478,Nissan,1904,Altima,29599.166666666700,nan,21596.0,13781.6,13214.25,10746.6,10098.0,11494.0,8109.0,10325.0,nan,nan,4145.0,nan,2.5,4,midsize car,7
478,Nissan,1905,Leaf,38510.166666666700,nan,24996.0,26800.0,15474.5,12833.111111111100,11835.714285714300,11200.0,9900.0,8122.5,8000.0,nan,nan,nan,,,,
478,Nissan,1906,370Z,43185.0,nan,30216.0,32566.666666666700,25557.14285714290,23366.666666666700,23750.0,20778.0,19850.0,18665.0,20100.0,18900.0,19295.0,nan,3.7,6,small car,3
478,Nissan,1907,Sentra,20685.166666666700,nan,13821.57142857140,12085.75,11372.181818181800,10597.0,6995.0,nan,nan,6250.0,nan,nan,nan,nan,,,,
478,Nissan,22791,Kicks,21997.833333333300,nan,18339.923076923100,17151.666666666700,nan,nan,nan,nan,nan,nan,nan,nan,nan,nan,,,,
478,Nissan,1898,Versa Note,,,,,,,,,,,,,,,,,,
478,Nissan,2303,350Z,,,,,,,,,,,,,,,,,,
478,Nissan,5565,240SX,,,,,,,,,,,,,,,,,,
478,Nissan,5566,300ZX,,,,,,,,,,,,,,,,,,
478,Nissan,5756,Altra-EV,,,,,,,,,,,,,,,,,,
478,Nissan,11506,NX,,,,,,,,,,,,,,,,,,
478,Nissan,11507,NX/Sentra,,,,,,,,,,,,,,,,,,
478,Nissan,11508,Stanza,,,,,,,,,,,,,,,,,,
478,Nissan,11509,Axxess,,,,,,,,,,,,,,,,,,
478,Nissan,13524,PULSAR,,,,,,,,,,,,,,,,,,
478,Nissan,14329,Stanza Wagon,,,,,,,,,,,,,,,,,,
478,Nissan,14385,200SX,,,,,,,,,,,,,,,,,,
478,Nissan,17214,Rogue Sports,,,,,,,,,,,,,,,,,,
478,Nissan,17615,Sentra Classic,,,,,,,,,,,,,,,,,,
478,Nissan,17616,Altra,,,,,,,,,,,,,,,,,,
478,Nissan,17817,Micra,,,,,,,,,,,,,,,,,,
584,Porsche,7832,911,130711.42857142900,70937.5,72998.0,45988.0,56400.0,41900.0,32445.5,37962.666666666700,32900.0,nan,25797.5,nan,18975.0,nan,3,6,small car,5
584,Porsche,7895,Cayenne,79811.11111111110,nan,42079.0,nan,36631.666666666700,34477.0,38403.5,27539.0,22366.75,18000.0,19595.0,9997.0,nan,13991.0,3,6,standard SUV,5
584,Porsche,7994,Panamera,126205.0,nan,nan,82571.0,105778.0,47346.0,47633.333333333300,50913.5,37700.0,42500.0,27999.0,27900.0,nan,nan,3,6,large car,5
584,Porsche,7847,Boxster,,,,,,,,,,,,,,,,,,
584,Porsche,7900,Cayman,,,,,,,,,,,,,,,,,,
584,Porsche,8022,918,,,,,,,,,,,,,,,,,,
584,Porsche,13846,944,,,,,,,,,,,,,,,,,,
584,Porsche,13847,928,,,,,,,,,,,,,,,,,,
584,Porsche,13848,924,,,,,,,,,,,,,,,,,,
584,Porsche,13871,Boxster S,,,,,,,,,,,,,,,,,,
584,Porsche,14080,968,,,,,,,,,,,,,,,,,,
584,Porsche,18282,718,,,,,,,,,,,,,,,,,,
6792,Stanford Customs,18235,Malibu Sedan,,,,,,,,,,,,,,,,,,
6792,Stanford Customs,18236,Cordova Sedan,,,,,,,,,,,,,,,,,,
6792,Stanford Customs,18237,Classic Sedan,,,,,,,,,,,,,,,,,,
523,Subaru,2232,Legacy,30975.066666666700,nan,22099.2,19265.0,16822.333333333300,14497.5,nan,nan,6995.0,9500.0,4250.0,6989.0,7495.0,nan,2.4,4,large car,3
523,Subaru,2233,Outback,36416.9,nan,21797.625,18668.5,15795.0,16998.0,10392.5,8447.5,8297.0,8749.5,3650.0,3995.0,nan,nan,2.4,4,small SUV,3
523,Subaru,2234,Forester,30423.033333333300,nan,23559.333333333300,nan,20351.133333333300,18982.25,17793.0,10646.25,nan,nan,nan,6400.0,7295.0,4995.0,2.5,4,small SUV,7
523,Subaru,2235,Impreza,22932.433333333300,nan,17247.909090909100,15200.5,11094.0,14991.0,nan,7995.0,4990.0,7566.666666666670,nan,nan,6635.0,2985.0,2,4,midsize car,7
523,Subaru,2237,WRX,35459.066666666700,nan,29944.25,25980.0,23786.583333333300,22003.0,21432.833333333300,nan,nan,nan,nan,nan,nan,nan,2,4,small car,1
523,Subaru,2238,BRZ,31456.571428571400,nan,28150.0,25300.0,22132.333333333300,23000.0,19166.666666666700,16631.666666666700,17840.0,nan,nan,nan,nan,nan,2,4,small car,1
523,Subaru,6093,SVX,,,,,,,,,,,,,,,,,,
523,Subaru,14213,Justy,,,,,,,,,,,,,,,,,,
523,Subaru,14226,Loyale,,,,,,,,,,,,,,,,,,
523,Subaru,14245,Brat,,,,,,,,,,,,,,,,,,
523,Subaru,17873,XT,,,,,,,,,,,,,,,,,,
523,Subaru,17874,XT6,,,,,,,,,,,,,,,,,,
523,Subaru,18054,DL,,,,,,,,,,,,,,,,,,
523,Subaru,18055,GL,,,,,,,,,,,,,,,,,,
523,Subaru,18056,GL-10,,,,,,,,,,,,,,,,,,
523,Subaru,18059,RX,,,,,,,,,,,,,,,,,,
523,Subaru,18081,Standard,,,,,,,,,,,,,,,,,,
523,Subaru,18099,GLF,,,,,,,,,,,,,,,,,,
441,Tesla,1685,Model S,,,,,,,,,,,,,,,,,,
441,Tesla,2071,Roadster,,,,,,,,,,,,,,,,,,
441,Tesla,10199,Model X,,,,,,,,,,,,,,,,,,
441,Tesla,17834,Model 3,,,,,,,,,,,,,,,,,,
441,Tesla,27027,Model Y,,,,,,,,,,,,,,,,,,
448,Toyota,2208,Corolla,24372.566666666700,nan,13339.444444444400,12491.0,9987.0,7399.5,5999.0,nan,nan,nan,nan,3995.0,2995.0,nan,1.8,4,small car,5
448,Toyota,2209,PRIUS,29433.3,nan,nan,nan,14398.333333333300,10825.5,nan,12996.0,7995.0,8326.4,5595.666666666670,5691.0,4999.0,4747.0,,,,
448,Toyota,2464,Yaris,19130.833333333300,nan,16147.5,12500.0,11800.0,nan,8493.0,nan,4499.0,nan,5991.0,nan,4465.25,3450.0,1.5,4,small car,3
448,Toyota,2465,Avalon,43078.833333333300,nan,14490.0,nan,8000.0,7629.666666666670,nan,nan,6742.666666666670,nan,6995.0,5998.0,nan,6995.0,3.5,6,midsize car,5
448,Toyota,2469,Camry,29861.8,nan,18722.0,17834.0,15958.333333333300,12995.0,11727.5,nan,12995.0,nan,nan,6655.0,6900.0,nan,2.5,4,midsize car,7
448,Toyota,13602,86,31046.6,nan,26800,nan,22150,nan,nan,nan,nan,nan,nan,nan,nan,nan,2,4,small car,1
448,Toyota,17213,C-HR,25217.0,nan,19988.5,17875.08,nan,nan,nan,nan,nan,nan,nan,nan,nan,nan,2,4,small car,3
448,Toyota,2206,SCION xA,,,,,,,,,,,,,,,,,,
448,Toyota,2207,SCION tC,,,,,,,,,,,,,,,,,,
448,Toyota,2315,Scion FR-S,,,,,,,,,,,,,,,,,,
448,Toyota,2466,Corolla Matrix,,,,,,,,,,,,,,,,,,
448,Toyota,2803,Solara,,,,,,,,,,,,,,,,,,
448,Toyota,2933,SCION xD,,,,,,,,,,,,,,,,,,
448,Toyota,3155,FCHV-adv,,,,,,,,,,,,,,,,,,
448,Toyota,3644,Tercel,,,,,,,,,,,,,,,,,,
448,Toyota,3645,Celica,,,,,,,,,,,,,,,,,,
448,Toyota,3647,Supra,,,,,,,,,,,,,,,,,,
448,Toyota,3648,MR2,,,,,,,,,,,,,,,,,,
448,Toyota,3649,Paseo,,,,,,,,,,,,,,,,,,
448,Toyota,3650,Echo,,,,,,,,,,,,,,,,,,
448,Toyota,3655,Cressida,,,,,,,,,,,,,,,,,,
448,Toyota,10198,Mirai,,,,,,,,,,,,,,,,,,
448,Toyota,10241,Scion iQ,,,,,,,,,,,,,,,,,,
448,Toyota,11501,Scion iM,,,,,,,,,,,,,,,,,,
448,Toyota,13603,Scion iA,,,,,,,,,,,,,,,,,,
448,Toyota,13822,Prius V,,,,,,,,,,,,,,,,,,
448,Toyota,13823,Prius C,,,,,,,,,,,,,,,,,,
448,Toyota,13824,Prius Plug-in,,,,,,,,,,,,,,,,,,
448,Toyota,14510,Starlet,,,,,,,,,,,,,,,,,,
448,Toyota,14551,Corona,,,,,,,,,,,,,,,,,,
448,Toyota,15800,COROLLA iM,,,,,,,,,,,,,,,,,,
448,Toyota,17620,CAMRY HYBRID,,,,,,,,,,,,,,,,,,
448,Toyota,21950,Prius Prime,,,,,,,,,,,,,,,,,,
448,Toyota,24949,Yaris iA,,,,,,,,,,,,,,,,,,
448,Toyota,26493,Avalon/Avalon Hybrid,,,,,,,,,,,,,,,,,,
482,Volkswagen,3133,Golf,26171.3,nan,19842.0,19747.5,17023.571428571400,13495.333333333300,13799.5,12850.0,12362.857142857100,9400.0,nan,nan,nan,nan,,,,
482,Volkswagen,3134,Passat,29520.833333333300,nan,17929.666666666700,17245.5,14419.0,13550.0,12887.2,13232.4,11460.25,nan,nan,6125.0,nan,nan,,,,
482,Volkswagen,3137,Jetta,25528.033333333300,nan,16275.333333333300,13694.0,14598.166666666700,11437.857142857100,nan,13172.6,nan,8845.0,nan,nan,nan,nan,2,4,small car,7
482,Volkswagen,8118,e-Golf,36628.333333333300,nan,28850,nan,nan,13586,15550,nan,nan,nan,nan,nan,nan,nan,N/A,N/A,small car,10
482,Volkswagen,8119,Beetle,26598.25925925930,nan,18797.0,16071.75,15703.285714285700,17250.0,17450.0,11720.75,12122.125,7463.333333333330,nan,nan,nan,nan,,,,
482,Volkswagen,25871,Arteon,43227.8,nan,32977,nan,nan,nan,nan,nan,nan,nan,nan,nan,nan,nan,,,,
482,Volkswagen,3135,Phaeton,,,,,,,,,,,,,,,,,,
482,Volkswagen,3136,Touareg,,,,,,,,,,,,,,,,,,
482,Volkswagen,3140,GTI,,,,,,,,,,,,,,,,,,
482,Volkswagen,3141,R32,,,,,,,,,,,,,,,,,,
482,Volkswagen,3142,Jetta Wagon,,,,,,,,,,,,,,,,,,
482,Volkswagen,4084,Rabbit,,,,,,,,,,,,,,,,,,
482,Volkswagen,4085,New GTI,,,,,,,,,,,,,,,,,,
482,Volkswagen,4167,Eos,,,,,,,,,,,,,,,,,,
482,Volkswagen,5059,Golf SportWagen,,,,,,,,,,,,,,,,,,
482,Volkswagen,8051,Golf III,,,,,,,,,,,,,,,,,,
482,Volkswagen,8052,Jetta III,,,,,,,,,,,,,,,,,,
482,Volkswagen,8053,Corrado,,,,,,,,,,,,,,,,,,
482,Volkswagen,8055,Euro Van,,,,,,,,,,,,,,,,,,
482,Volkswagen,8121,CC,,,,,,,,,,,,,,,,,,
482,Volkswagen,8364,Jetta SportWagen,,,,,,,,,,,,,,,,,,
482,Volkswagen,8460,Cabrio,,,,,,,,,,,,,,,,,,
482,Volkswagen,8475,new Passat,,,,,,,,,,,,,,,,,,
482,Volkswagen,8486,New Cabrio,,,,,,,,,,,,,,,,,,
482,Volkswagen,8487,New Golf,,,,,,,,,,,,,,,,,,
482,Volkswagen,8488,New Jetta,,,,,,,,,,,,,,,,,,
482,Volkswagen,13670,Golf GTI,,,,,,,,,,,,,,,,,,
482,Volkswagen,13844,Golf R,,,,,,,,,,,,,,,,,,
482,Volkswagen,14216,CABRIOLET,,,,,,,,,,,,,,,,,,
482,Volkswagen,14217,FOX,,,,,,,,,,,,,,,,,,
482,Volkswagen,14261,Quantum,,,,,,,,,,,,,,,,,,
482,Volkswagen,14262,scirocco,,,,,,,,,,,,,,,,,,
482,Volkswagen,14266,Vanagon,,,,,,,,,,,,,,,,,,
482,Volkswagen,14568,Dasher,,,,,,,,,,,,,,,,,,
482,Volkswagen,14569,KOMBI,,,,,,,,,,,,,,,,,,
482,Volkswagen,24230,Golf Alltrack,,,,,,,,,,,,,,,,,,
482,Volkswagen,26088,GLI,,,,,,,,,,,,,,,,,,
485,Volvo,1959,S60,45201.833333333300,nan,nan,25000.0,22428.933333333300,20148.75,12956.5,16900.0,12466.6,7622.5,nan,nan,nan,nan,2,4,small car,5
485,Volvo,1961,V60,51781.666666666700,nan,46900.0,25500.0,26034.75,21747.5,17000.0,nan,nan,nan,nan,nan,nan,nan,2,4,station wagon,5
485,Volvo,1962,XC60,52898.333333333300,nan,35597.0,36998.0,27109.090909090900,23995.0,21332.0,19898.0,11295.0,nan,nan,nan,nan,nan,2,4,small SUV,5
485,Volvo,3132,XC90,65352.666666666700,nan,48622.42857142860,40454.0,36163.27272727270,33452.2,nan,16295.0,16700.0,nan,7499.0,nan,nan,7210.333333333330,2,4,standard SUV,5
485,Volvo,13798,S90,62558.4375,nan,nan,31140.0,29759.466666666700,nan,nan,nan,nan,nan,nan,nan,nan,nan,2,4,midsize car,7
485,Volvo,13799,V90,65578.0,nan,52595.0,43349.5,nan,nan,nan,nan,nan,nan,nan,nan,nan,nan,2,4,station wagon,5
485,Volvo,23714,XC40,44076.53333333330,nan,39637.666666666700,nan,nan,nan,nan,nan,nan,nan,nan,nan,nan,nan,2,4,small SUV,5
485,Volvo,1960,S80,,,,,,,,,,,,,,,,,,
485,Volvo,1963,XC70,,,,,,,,,,,,,,,,,,
485,Volvo,3127,S40,,,,,,,,,,,,,,,,,,
485,Volvo,3128,V50,,,,,,,,,,,,,,,,,,
485,Volvo,3129,C70,,,,,,,,,,,,,,,,,,
485,Volvo,3130,V70,,,,,,,,,,,,,,,,,,
485,Volvo,3144,C30,,,,,,,,,,,,,,,,,,
485,Volvo,9341,940 Series,,,,,,,,,,,,,,,,,,
485,Volvo,9342,960 Series,,,,,,,,,,,,,,,,,,
485,Volvo,9343,850 Series,,,,,,,,,,,,,,,,,,
485,Volvo,10206,V60CC,,,,,,,,,,,,,,,,,,
485,Volvo,10208,S60 Cross Country,,,,,,,,,,,,,,,,,,
485,Volvo,13800,V90CC,,,,,,,,,,,,,,,,,,
485,Volvo,14118,240 Series,,,,,,,,,,,,,,,,,,
485,Volvo,14119,740 Series,,,,,,,,,,,,,,,,,,
485,Volvo,14120,780 Series,,,,,,,,,,,,,,,,,,
485,Volvo,14121,760 Series,,,,,,,,,,,,,,,,,,
485,Volvo,14124,V40,,,,,,,,,,,,,,,,,,
485,Volvo,14125,S70,,,,,,,,,,,,,,,,,,
485,Volvo,14659,260 Series,,,,,,,,,,,,,,,,,,